id,Revenue
3001,10630242.0
3002,10630242.0
3003,18625458.0
3004,32180448.0
3005,10630242.0
3006,22616722.0
3007,10738972.0
3008,61114524.0
3009,36899692.0
3010,278561760.0
3011,10630242.0
3012,10630242.0
3013,33110754.0
3014,10630242.0
3015,37330948.0
3016,10630242.0
3017,100069020.0
3018,190871380.0
3019,11521470.0
3020,951559550.0
3021,73571540.0
3022,66816870.0
3023,10630242.0
3024,49130428.0
3025,10630242.0
3026,75870744.0
3027,16380544.0
3028,123603680.0
3029,10630242.0
3030,73764696.0
3031,30551312.0
3032,13247472.0
3033,10630242.0
3034,10630242.0
3035,12367902.0
3036,34190136.0
3037,59440904.0
3038,62615096.0
3039,27081366.0
3040,10630242.0
3041,21963840.0
3042,10630242.0
3043,16477862.0
3044,17806188.0
3045,386937470.0
3046,10630242.0
3047,27204644.0
3048,36627708.0
3049,16678252.0
3050,46302570.0
3051,10630242.0
3052,31073408.0
3053,10630242.0
3054,14096850.0
3055,67177920.0
3056,10630242.0
3057,101305420.0
3058,505070750.0
3059,13247472.0
3060,92398616.0
3061,59099864.0
3062,47768532.0
3063,59440904.0
3064,114659210.0
3065,33768588.0
3066,94703870.0
3067,18625458.0
3068,46065972.0
3069,238546290.0
3070,10630242.0
3071,39589020.0
3072,792103900.0
3073,10630242.0
3074,10630242.0
3075,57549896.0
3076,188762190.0
3077,35005296.0
3078,97707416.0
3079,55468652.0
3080,98900990.0
3081,46214720.0
3082,16678252.0
3083,21697308.0
3084,10630242.0
3085,29521162.0
3086,90969720.0
3087,10630242.0
3088,10630242.0
3089,10738972.0
3090,49825708.0
3091,44786660.0
3092,15063094.0
3093,201635710.0
3094,98900990.0
3095,50060184.0
3096,10630242.0
3097,888442700.0
3098,26036050.0
3099,85464010.0
3100,27204644.0
3101,27204644.0
3102,22979876.0
3103,10630242.0
3104,10630242.0
3105,122874340.0
3106,133791390.0
3107,37156824.0
3108,24323080.0
3109,15063094.0
3110,474908700.0
3111,18383806.0
3112,10630242.0
3113,19514076.0
3114,52346560.0
3115,46150350.0
3116,17806188.0
3117,10630242.0
3118,17930178.0
3119,265194430.0
3120,250255440.0
3121,10630242.0
3122,24112548.0
3123,49846428.0
3124,12367902.0
3125,10630242.0
3126,37330948.0
3127,12367902.0
3128,41369324.0
3129,169400130.0
3130,17806188.0
3131,12367902.0
3132,20244862.0
3133,14096850.0
3134,24201084.0
3135,10630242.0
3136,18275076.0
3137,144341840.0
3138,10630242.0
3139,45525988.0
3140,74929800.0
3141,20226182.0
3142,10630242.0
3143,165379490.0
3144,41768140.0
3145,39099612.0
3146,14096850.0
3147,31913216.0
3148,24201084.0
3149,84660264.0
3150,109414970.0
3151,12455748.0
3152,30848196.0
3153,27204644.0
3154,22239038.0
3155,45525988.0
3156,18713304.0
3157,38122364.0
3158,133929624.0
3159,22979876.0
3160,10738972.0
3161,10630242.0
3162,30551312.0
3163,45525988.0
3164,10630242.0
3165,10630242.0
3166,10630242.0
3167,68983656.0
3168,10630242.0
3169,46514084.0
3170,29310678.0
3171,46323450.0
3172,51931740.0
3173,10630242.0
3174,10727560.0
3175,18625458.0
3176,41301228.0
3177,73571540.0
3178,11627592.0
3179,12367902.0
3180,22507992.0
3181,10630242.0
3182,264983120.0
3183,26270284.0
3184,25575004.0
3185,123646730.0
3186,47718828.0
3187,23088606.0
3188,24767754.0
3189,98900990.0
3190,46214720.0
3191,35005296.0
3192,10630242.0
3193,272794240.0
3194,95808910.0
3195,10630242.0
3196,16678252.0
3197,69268770.0
3198,129474570.0
3199,240502260.0
3200,20226182.0
3201,39589020.0
3202,12410092.0
3203,10630242.0
3204,10630242.0
3205,10738972.0
3206,28093262.0
3207,73594824.0
3208,28093262.0
3209,13335318.0
3210,454750940.0
3211,10630242.0
3212,81685304.0
3213,137674690.0
3214,13015852.0
3215,11518864.0
3216,19647430.0
3217,339788960.0
3218,10727560.0
3219,10727560.0
3220,254308910.0
3221,27204644.0
3222,10727560.0
3223,22507992.0
3224,10738972.0
3225,12367902.0
3226,18625458.0
3227,120412780.0
3228,148132930.0
3229,137612460.0
3230,33864304.0
3231,38920812.0
3232,36659196.0
3233,28795770.0
3234,22979876.0
3235,45620276.0
3236,10630242.0
3237,42433908.0
3238,18372394.0
3239,10630242.0
3240,319286980.0
3241,10630242.0
3242,10630242.0
3243,10630242.0
3244,10978378.0
3245,27204644.0
3246,34106464.0
3247,35005296.0
3248,65823624.0
3249,56778996.0
3250,304327800.0
3251,10630242.0
3252,27292490.0
3253,63597108.0
3254,10630242.0
3255,10630242.0
3256,48872650.0
3257,33110754.0
3258,39589020.0
3259,44246210.0
3260,16380544.0
3261,484808220.0
3262,43874172.0
3263,10630242.0
3264,10630242.0
3265,10630242.0
3266,10630242.0
3267,55086630.0
3268,10630242.0
3269,46065972.0
3270,69539976.0
3271,17930178.0
3272,29335758.0
3273,26270284.0
3274,400752670.0
3275,32980518.0
3276,10738972.0
3277,21920812.0
3278,105587940.0
3279,41205644.0
3280,330026980.0
3281,10630242.0
3282,10630242.0
3283,363093600.0
3284,33069580.0
3285,54335972.0
3286,10630242.0
3287,15063094.0
3288,30259050.0
3289,61205896.0
3290,88243600.0
3291,51515652.0
3292,273002980.0
3293,83649016.0
3294,20455380.0
3295,14041688.0
3296,10630242.0
3297,19365784.0
3298,98900990.0
3299,10630242.0
3300,49130428.0
3301,10630242.0
3302,27204644.0
3303,23748484.0
3304,18275076.0
3305,36790964.0
3306,10630242.0
3307,48765012.0
3308,29444488.0
3309,10727560.0
3310,13279436.0
3311,10630242.0
3312,39099612.0
3313,73764696.0
3314,15063094.0
3315,100898310.0
3316,33228600.0
3317,15063094.0
3318,10630242.0
3319,10630242.0
3320,20012734.0
3321,17806188.0
3322,10630242.0
3323,126574220.0
3324,18383806.0
3325,98900990.0
3326,138103020.0
3327,58560732.0
3328,41670820.0
3329,18138160.0
3330,134388030.0
3331,23748484.0
3332,55104588.0
3333,184704200.0
3334,12833602.0
3335,61114524.0
3336,20012734.0
3337,10630242.0
3338,20226182.0
3339,10630242.0
3340,101893900.0
3341,30551312.0
3342,51360716.0
3343,73594824.0
3344,10630242.0
3345,18625458.0
3346,43408492.0
3347,10630242.0
3348,57969532.0
3349,89690696.0
3350,186253600.0
3351,72228840.0
3352,11720956.0
3353,93695970.0
3354,21337252.0
3355,10630242.0
3356,30533432.0
3357,10738972.0
3358,10815408.0
3359,42973892.0
3360,12833602.0
3361,158168860.0
3362,14561790.0
3363,20813390.0
3364,21620110.0
3365,10630242.0
3366,94225630.0
3367,144197760.0
3368,10630242.0
3369,59440904.0
3370,65654932.0
3371,55468652.0
3372,53224016.0
3373,67977820.0
3374,27204644.0
3375,96693576.0
3376,33768588.0
3377,18625458.0
3378,21920812.0
3379,170448350.0
3380,57729228.0
3381,15400966.0
3382,10630242.0
3383,10630242.0
3384,60470296.0
3385,100297740.0
3386,13068924.0
3387,29335758.0
3388,135880600.0
3389,938387600.0
3390,11162270.0
3391,20478428.0
3392,22979876.0
3393,18372394.0
3394,146518610.0
3395,100898310.0
3396,12367902.0
3397,10630242.0
3398,340829950.0
3399,93033624.0
3400,16477862.0
3401,10718090.0
3402,10630242.0
3403,178087620.0
3404,12367902.0
3405,30533432.0
3406,161574960.0
3407,225472370.0
3408,57817892.0
3409,20334912.0
3410,34402188.0
3411,88896780.0
3412,41768140.0
3413,93492740.0
3414,10630242.0
3415,40463720.0
3416,102071690.0
3417,68874930.0
3418,48920212.0
3419,247144370.0
3420,10630242.0
3421,29286928.0
3422,13247472.0
3423,501969730.0
3424,10630242.0
3425,11518864.0
3426,46214720.0
3427,43408492.0
3428,10630242.0
3429,35005296.0
3430,721645300.0
3431,10630242.0
3432,18818796.0
3433,20184698.0
3434,21337252.0
3435,309083460.0
3436,137057540.0
3437,10630242.0
3438,18138160.0
3439,72847560.0
3440,64141284.0
3441,94507710.0
3442,10630242.0
3443,11518864.0
3444,10630242.0
3445,55557188.0
3446,10630242.0
3447,12367902.0
3448,65042040.0
3449,13367282.0
3450,58560732.0
3451,50872964.0
3452,39658596.0
3453,65977524.0
3454,56681676.0
3455,10815408.0
3456,90057020.0
3457,48320750.0
3458,46302570.0
3459,777452400.0
3460,42698788.0
3461,18734188.0
3462,22429534.0
3463,82555170.0
3464,10630242.0
3465,48920212.0
3466,45525988.0
3467,10630242.0
3468,115574190.0
3469,22979876.0
3470,10630242.0
3471,33110754.0
3472,16380544.0
3473,73571540.0
3474,45844612.0
3475,230080700.0
3476,10630242.0
3477,48872650.0
3478,10630242.0
3479,256412060.0
3480,13256522.0
3481,10630242.0
3482,10630242.0
3483,12539870.0
3484,10630242.0
3485,115095560.0
3486,136875740.0
3487,59440904.0
3488,134638720.0
3489,10727560.0
3490,58419348.0
3491,18118202.0
3492,10738972.0
3493,51931740.0
3494,18625458.0
3495,91703016.0
3496,10630242.0
3497,82217330.0
3498,28795770.0
3499,21808352.0
3500,10630242.0
3501,129504264.0
3502,43062428.0
3503,35097588.0
3504,101659520.0
3505,17930178.0
3506,114889944.0
3507,238546290.0
3508,12833602.0
3509,27204644.0
3510,33814068.0
3511,86231210.0
3512,186053860.0
3513,14161192.0
3514,34254572.0
3515,18275076.0
3516,27204644.0
3517,642480200.0
3518,44539940.0
3519,24112548.0
3520,10630242.0
3521,10630242.0
3522,23748484.0
3523,39845892.0
3524,101506730.0
3525,137057540.0
3526,82788150.0
3527,24112548.0
3528,41670820.0
3529,568820860.0
3530,85237110.0
3531,65459948.0
3532,48172004.0
3533,30708104.0
3534,46514084.0
3535,189722690.0
3536,20713750.0
3537,123121710.0
3538,50150270.0
3539,53864084.0
3540,31073408.0
3541,25001166.0
3542,31774432.0
3543,10630242.0
3544,31984942.0
3545,16380544.0
3546,18625458.0
3547,145474480.0
3548,438376400.0
3549,10630242.0
3550,410534700.0
3551,117572650.0
3552,59798492.0
3553,131603944.0
3554,181809200.0
3555,128745096.0
3556,88653464.0
3557,18372394.0
3558,142579490.0
3559,59813324.0
3560,13068924.0
3561,70761170.0
3562,18118202.0
3563,15063094.0
3564,10630242.0
3565,14041688.0
3566,34020350.0
3567,28093262.0
3568,10630242.0
3569,133256664.0
3570,10630242.0
3571,58419348.0
3572,178411940.0
3573,10727560.0
3574,29335758.0
3575,20012734.0
3576,43408492.0
3577,10727560.0
3578,59029350.0
3579,37439676.0
3580,46992730.0
3581,55962604.0
3582,117248470.0
3583,10630242.0
3584,20012734.0
3585,60965160.0
3586,28201992.0
3587,27204644.0
3588,17806188.0
3589,22595838.0
3590,47768532.0
3591,356953340.0
3592,10630242.0
3593,10630242.0
3594,13068924.0
3595,28893088.0
3596,45749850.0
3597,10727560.0
3598,58560732.0
3599,20226182.0
3600,10630242.0
3601,10630242.0
3602,10630242.0
3603,22595838.0
3604,10718090.0
3605,36790964.0
3606,27204644.0
3607,60470296.0
3608,135433570.0
3609,10630242.0
3610,51236460.0
3611,10630242.0
3612,12367902.0
3613,29310678.0
3614,98900990.0
3615,51026244.0
3616,17007706.0
3617,27292490.0
3618,83775380.0
3619,10630242.0
3620,98900990.0
3621,314831420.0
3622,262037940.0
3623,126895630.0
3624,10630242.0
3625,10630242.0
3626,36790964.0
3627,66517508.0
3628,446886980.0
3629,18275076.0
3630,10630242.0
3631,134162490.0
3632,20731492.0
3633,63413710.0
3634,10630242.0
3635,10727560.0
3636,33228600.0
3637,14096850.0
3638,26270284.0
3639,125162080.0
3640,352501280.0
3641,39099612.0
3642,24112548.0
3643,26270284.0
3644,21892762.0
3645,28893088.0
3646,46976680.0
3647,68151410.0
3648,13247472.0
3649,16014308.0
3650,45620276.0
3651,439494300.0
3652,12367902.0
3653,139518660.0
3654,27204644.0
3655,33293328.0
3656,27204644.0
3657,10630242.0
3658,10630242.0
3659,70003390.0
3660,230901340.0
3661,23501832.0
3662,58419348.0
3663,314629400.0
3664,10630242.0
3665,10630242.0
3666,10815408.0
3667,115340010.0
3668,42163228.0
3669,18275076.0
3670,46065972.0
3671,12367902.0
3672,10630242.0
3673,169641020.0
3674,30311650.0
3675,373625150.0
3676,90165976.0
3677,27204644.0
3678,35005296.0
3679,72920630.0
3680,21920812.0
3681,13251174.0
3682,211749390.0
3683,10630242.0
3684,98900990.0
3685,122795544.0
3686,27204644.0
3687,155334430.0
3688,10630242.0
3689,10630242.0
3690,86443930.0
3691,17568642.0
3692,10630242.0
3693,98262750.0
3694,90999110.0
3695,97707416.0
3696,24200394.0
3697,42433908.0
3698,46065972.0
3699,39099612.0
3700,10630242.0
3701,81158230.0
3702,10630242.0
3703,75912904.0
3704,72022850.0
3705,41670820.0
3706,88403270.0
3707,10630242.0
3708,18275076.0
3709,270398560.0
3710,39589020.0
3711,10630242.0
3712,43408492.0
3713,55663240.0
3714,10630242.0
3715,35005296.0
3716,18040842.0
3717,10630242.0
3718,10630242.0
3719,61418600.0
3720,10630242.0
3721,10630242.0
3722,73571540.0
3723,10727560.0
3724,20012734.0
3725,27204644.0
3726,21337252.0
3727,131794070.0
3728,119721310.0
3729,18625458.0
3730,73764696.0
3731,135208080.0
3732,10630242.0
3733,191770000.0
3734,353128930.0
3735,26512676.0
3736,20813390.0
3737,10630242.0
3738,10630242.0
3739,17903506.0
3740,47768532.0
3741,29335758.0
3742,101054100.0
3743,26270284.0
3744,136125630.0
3745,72228840.0
3746,153729180.0
3747,10630242.0
3748,19778500.0
3749,10630242.0
3750,13068924.0
3751,29493484.0
3752,10718090.0
3753,18625458.0
3754,39658596.0
3755,75032530.0
3756,41205644.0
3757,346033660.0
3758,122645420.0
3759,10630242.0
3760,156585090.0
3761,71482850.0
3762,265274200.0
3763,56681676.0
3764,49239156.0
3765,10727560.0
3766,22239038.0
3767,17903506.0
3768,15737190.0
3769,10630242.0
3770,27204644.0
3771,46065972.0
3772,22507992.0
3773,36956390.0
3774,10815408.0
3775,175828240.0
3776,95560910.0
3777,10718090.0
3778,10630242.0
3779,27204644.0
3780,10630242.0
3781,41768140.0
3782,12833602.0
3783,81158230.0
3784,10727560.0
3785,402234700.0
3786,18713304.0
3787,237607260.0
3788,542324100.0
3789,13279436.0
3790,10630242.0
3791,20226182.0
3792,10630242.0
3793,10738972.0
3794,18383806.0
3795,495557300.0
3796,20813390.0
3797,40408400.0
3798,30533432.0
3799,12367902.0
3800,11518864.0
3801,67897340.0
3802,10630242.0
3803,10718090.0
3804,10630242.0
3805,10630242.0
3806,63896470.0
3807,12002598.0
3808,10630242.0
3809,32259740.0
3810,23857214.0
3811,27204644.0
3812,15063094.0
3813,10630242.0
3814,10738972.0
3815,176790690.0
3816,107232400.0
3817,151971890.0
3818,94615336.0
3819,61053116.0
3820,97713040.0
3821,101863890.0
3822,31592132.0
3823,28795770.0
3824,17459912.0
3825,22507992.0
3826,104516590.0
3827,131794070.0
3828,17930178.0
3829,10630242.0
3830,52693340.0
3831,10630242.0
3832,168930600.0
3833,83748744.0
3834,29310678.0
3835,10630242.0
3836,18275076.0
3837,35874620.0
3838,111893816.0
3839,27204644.0
3840,56874830.0
3841,27204644.0
3842,26757854.0
3843,52185690.0
3844,10630242.0
3845,10630242.0
3846,10630242.0
3847,10630242.0
3848,12367902.0
3849,102247670.0
3850,34343108.0
3851,45525988.0
3852,18275076.0
3853,94204360.0
3854,10630242.0
3855,10738972.0
3856,18724084.0
3857,718609300.0
3858,10630242.0
3859,17930178.0
3860,33952840.0
3861,35461640.0
3862,27204644.0
3863,98900990.0
3864,124103096.0
3865,97411150.0
3866,17806188.0
3867,123646730.0
3868,27204644.0
3869,73102536.0
3870,111795130.0
3871,642480200.0
3872,24112548.0
3873,43145572.0
3874,10630242.0
3875,84994940.0
3876,10630242.0
3877,45184948.0
3878,90073880.0
3879,330104930.0
3880,41670820.0
3881,10630242.0
3882,10630242.0
3883,10718090.0
3884,131543620.0
3885,22664856.0
3886,36790964.0
3887,23748484.0
3888,12921448.0
3889,150751060.0
3890,135099200.0
3891,11518864.0
3892,15063094.0
3893,357547970.0
3894,93195576.0
3895,40829340.0
3896,64836564.0
3897,10630242.0
3898,43408492.0
3899,767100500.0
3900,53136170.0
3901,10630242.0
3902,10630242.0
3903,15063094.0
3904,20026280.0
3905,29654620.0
3906,48172004.0
3907,13247472.0
3908,13068924.0
3909,10630242.0
3910,18713304.0
3911,10630242.0
3912,18275076.0
3913,105888130.0
3914,29137916.0
3915,198900800.0
3916,10630242.0
3917,16678252.0
3918,18275076.0
3919,96156700.0
3920,41670820.0
3921,10630242.0
3922,30426466.0
3923,37330948.0
3924,35005296.0
3925,237607260.0
3926,10727560.0
3927,96828500.0
3928,115812424.0
3929,43408492.0
3930,10630242.0
3931,20226182.0
3932,16014308.0
3933,30848196.0
3934,61579252.0
3935,10630242.0
3936,13247472.0
3937,151844060.0
3938,17806188.0
3939,30848196.0
3940,10812494.0
3941,30514552.0
3942,241386240.0
3943,874829000.0
3944,12367902.0
3945,59440904.0
3946,10630242.0
3947,64836564.0
3948,12539870.0
3949,12367902.0
3950,21337252.0
3951,12367902.0
3952,53864084.0
3953,94225630.0
3954,427163360.0
3955,26453904.0
3956,88972400.0
3957,18625458.0
3958,21337252.0
3959,18275076.0
3960,10630242.0
3961,53076596.0
3962,16678252.0
3963,31767520.0
3964,685527000.0
3965,137057540.0
3966,59502010.0
3967,298159600.0
3968,49825708.0
3969,10727560.0
3970,25575004.0
3971,18275076.0
3972,24614026.0
3973,46065972.0
3974,10630242.0
3975,99517200.0
3976,85250350.0
3977,119689464.0
3978,157747980.0
3979,10630242.0
3980,10630242.0
3981,10718090.0
3982,24201084.0
3983,22707926.0
3984,201008400.0
3985,24112548.0
3986,899049400.0
3987,82351810.0
3988,20713750.0
3989,35005296.0
3990,45525988.0
3991,10630242.0
3992,10630242.0
3993,28795770.0
3994,64836564.0
3995,43408492.0
3996,67531336.0
3997,19778500.0
3998,89470690.0
3999,24112548.0
4000,82555170.0
4001,14891066.0
4002,182744510.0
4003,10630242.0
4004,58560732.0
4005,13247472.0
4006,41369324.0
4007,10630242.0
4008,18275076.0
4009,31913216.0
4010,14096850.0
4011,23045800.0
4012,158878460.0
4013,58669460.0
4014,10630242.0
4015,68196150.0
4016,34719810.0
4017,21794626.0
4018,75870744.0
4019,423171360.0
4020,11521470.0
4021,68874930.0
4022,27204644.0
4023,167817950.0
4024,39099612.0
4025,10630242.0
4026,65636484.0
4027,81740230.0
4028,10630242.0
4029,10630242.0
4030,26379014.0
4031,119544650.0
4032,10630242.0
4033,10630242.0
4034,10727560.0
4035,96635336.0
4036,10630242.0
4037,25877272.0
4038,11616182.0
4039,16014308.0
4040,13722222.0
4041,13247472.0
4042,53076596.0
4043,13957544.0
4044,97707416.0
4045,130154610.0
4046,27204644.0
4047,457911000.0
4048,27204644.0
4049,10630242.0
4050,10727560.0
4051,458638200.0
4052,25683734.0
4053,10630242.0
4054,10630242.0
4055,28795770.0
4056,19543846.0
4057,13068924.0
4058,60738828.0
4059,10718090.0
4060,68087420.0
4061,89447680.0
4062,49825708.0
4063,27292490.0
4064,378022140.0
4065,106682696.0
4066,12367902.0
4067,36956390.0
4068,18625458.0
4069,15951710.0
4070,30551312.0
4071,12367902.0
4072,12367902.0
4073,121966616.0
4074,10630242.0
4075,39099612.0
4076,41764628.0
4077,296088930.0
4078,11518864.0
4079,98900990.0
4080,10630242.0
4081,10630242.0
4082,173156100.0
4083,57217052.0
4084,10630242.0
4085,20855526.0
4086,127950440.0
4087,29327796.0
4088,36790964.0
4089,26270284.0
4090,11518864.0
4091,99940056.0
4092,36956390.0
4093,49825708.0
4094,18625458.0
4095,195157620.0
4096,39099612.0
4097,42433908.0
4098,26512676.0
4099,10630242.0
4100,76425590.0
4101,31984942.0
4102,20244862.0
4103,55468652.0
4104,21200220.0
4105,10630242.0
4106,10727560.0
4107,10630242.0
4108,41768140.0
4109,10630242.0
4110,20690034.0
4111,13068924.0
4112,26270284.0
4113,12002598.0
4114,246866190.0
4115,18275076.0
4116,28893088.0
4117,10826818.0
4118,59440904.0
4119,81158230.0
4120,10630242.0
4121,12921448.0
4122,162951330.0
4123,10630242.0
4124,49825708.0
4125,18018024.0
4126,28795770.0
4127,10630242.0
4128,10727560.0
4129,10630242.0
4130,21337252.0
4131,206984740.0
4132,96847976.0
4133,33768588.0
4134,18138160.0
4135,41670820.0
4136,484808220.0
4137,18275076.0
4138,42973892.0
4139,10815408.0
4140,10630242.0
4141,23748484.0
4142,48920212.0
4143,58419348.0
4144,10630242.0
4145,54494816.0
4146,10826818.0
4147,10630242.0
4148,48872588.0
4149,10718090.0
4150,10630242.0
4151,13068924.0
4152,36635668.0
4153,47134160.0
4154,10630242.0
4155,23434966.0
4156,15150942.0
4157,16489274.0
4158,28795770.0
4159,58560732.0
4160,305058500.0
4161,39099612.0
4162,31913216.0
4163,116300180.0
4164,20012734.0
4165,10727560.0
4166,18625458.0
4167,77358140.0
4168,21720506.0
4169,10630242.0
4170,12367902.0
4171,122645420.0
4172,86443930.0
4173,15400966.0
4174,17930178.0
4175,14096850.0
4176,29335758.0
4177,10630242.0
4178,549988030.0
4179,12367902.0
4180,137286740.0
4181,34621830.0
4182,13156770.0
4183,58560732.0
4184,24580394.0
4185,17806188.0
4186,15737190.0
4187,20012734.0
4188,41670820.0
4189,10630242.0
4190,10630242.0
4191,10630242.0
4192,10630242.0
4193,332904600.0
4194,120712160.0
4195,15063094.0
4196,20437762.0
4197,20771890.0
4198,13247472.0
4199,10727560.0
4200,91703016.0
4201,60666764.0
4202,103544610.0
4203,28093262.0
4204,64248748.0
4205,12002598.0
4206,35998684.0
4207,362453540.0
4208,635754900.0
4209,61660780.0
4210,95808910.0
4211,34179824.0
4212,544060800.0
4213,18040842.0
4214,28669028.0
4215,10727560.0
4216,10630242.0
4217,13068924.0
4218,36790964.0
4219,28795770.0
4220,28221382.0
4221,10630242.0
4222,10630242.0
4223,94615336.0
4224,10836290.0
4225,31621030.0
4226,23854192.0
4227,39099612.0
4228,10630242.0
4229,98900990.0
4230,56778996.0
4231,18275076.0
4232,22979876.0
4233,64836564.0
4234,95136980.0
4235,45620276.0
4236,10630242.0
4237,28795770.0
4238,64836564.0
4239,151576740.0
4240,350795400.0
4241,98262750.0
4242,12367902.0
4243,10630242.0
4244,84660264.0
4245,10630242.0
4246,10836290.0
4247,55468652.0
4248,12455748.0
4249,82351810.0
4250,36095684.0
4251,10630242.0
4252,135702500.0
4253,91327880.0
4254,65977524.0
4255,67531336.0
4256,293681060.0
4257,137320750.0
4258,41768140.0
4259,10630242.0
4260,154613860.0
4261,29052274.0
4262,12833602.0
4263,17806188.0
4264,382983700.0
4265,27204644.0
4266,39589020.0
4267,38210212.0
4268,14168054.0
4269,15150942.0
4270,489361020.0
4271,82254490.0
4272,10630242.0
4273,12367902.0
4274,45525988.0
4275,20731492.0
4276,20012734.0
4277,57407930.0
4278,12367902.0
4279,50889948.0
4280,10630242.0
4281,10630242.0
4282,48388610.0
4283,10630242.0
4284,19898586.0
4285,10630242.0
4286,442015780.0
4287,30708104.0
4288,55255356.0
4289,91869560.0
4290,72291784.0
4291,12833602.0
4292,10630242.0
4293,22707926.0
4294,134676030.0
4295,134162490.0
4296,59440904.0
4297,47134160.0
4298,10630242.0
4299,27204644.0
4300,58560732.0
4301,12367902.0
4302,12539870.0
4303,17930178.0
4304,29137916.0
4305,57837130.0
4306,36790964.0
4307,10630242.0
4308,10630242.0
4309,55557188.0
4310,10630242.0
4311,10630242.0
4312,45184948.0
4313,123563120.0
4314,10727560.0
4315,129504264.0
4316,269284580.0
4317,10630242.0
4318,42433908.0
4319,10630242.0
4320,39099612.0
4321,61114524.0
4322,16380544.0
4323,18819218.0
4324,27204644.0
4325,10630242.0
4326,21337252.0
4327,84690630.0
4328,27204644.0
4329,12833602.0
4330,769255940.0
4331,59208590.0
4332,65029720.0
4333,10630242.0
4334,128249816.0
4335,73571540.0
4336,49825708.0
4337,10630242.0
4338,241747200.0
4339,101133630.0
4340,29137916.0
4341,23531132.0
4342,18275076.0
4343,32887562.0
4344,10718090.0
4345,10630242.0
4346,62258900.0
4347,71216296.0
4348,10630242.0
4349,171281570.0
4350,12833602.0
4351,231963140.0
4352,10630242.0
4353,134699400.0
4354,45749850.0
4355,32021946.0
4356,22507992.0
4357,127465620.0
4358,18372394.0
4359,46197976.0
4360,65029720.0
4361,114779540.0
4362,11521470.0
4363,67897340.0
4364,79245864.0
4365,10630242.0
4366,45634716.0
4367,60974290.0
4368,120712160.0
4369,30192388.0
4370,88277110.0
4371,117017070.0
4372,30533432.0
4373,27204644.0
4374,36877096.0
4375,10630242.0
4376,10630242.0
4377,17169132.0
4378,48388610.0
4379,155098880.0
4380,80240210.0
4381,111647610.0
4382,371700600.0
4383,243015250.0
4384,30533432.0
4385,11720956.0
4386,131668890.0
4387,68925390.0
4388,50357924.0
4389,224380540.0
4390,13247472.0
4391,10630242.0
4392,131581580.0
4393,57193856.0
4394,40198580.0
4395,24201084.0
4396,58419348.0
4397,41205644.0
4398,190871380.0
4399,10718090.0
4400,21697308.0
4401,46214720.0
4402,28376318.0
4403,31182138.0
4404,47290980.0
4405,30606414.0
4406,10630242.0
4407,16380544.0
4408,10630242.0
4409,10630242.0
4410,18275076.0
4411,41670820.0
4412,110110260.0
4413,80131480.0
4414,10630242.0
4415,39099612.0
4416,10630242.0
4417,187674380.0
4418,12833602.0
4419,85448700.0
4420,499603200.0
4421,11518864.0
4422,16678252.0
4423,15063094.0
4424,10630242.0
4425,54147696.0
4426,109107370.0
4427,64375116.0
4428,18275076.0
4429,16380544.0
4430,10630242.0
4431,10630242.0
4432,166933280.0
4433,221481150.0
4434,492131840.0
4435,16060438.0
4436,39051988.0
4437,12367902.0
4438,10630242.0
4439,21425098.0
4440,12367902.0
4441,46065972.0
4442,10630242.0
4443,10630242.0
4444,13068924.0
4445,26415358.0
4446,10630242.0
4447,90165976.0
4448,46514084.0
4449,10630242.0
4450,134300880.0
4451,447163070.0
4452,26379014.0
4453,10630242.0
4454,10630242.0
4455,10630242.0
4456,114761016.0
4457,10718090.0
4458,10630242.0
4459,57217052.0
4460,27204644.0
4461,115530480.0
4462,81685304.0
4463,18275076.0
4464,67704184.0
4465,28893088.0
4466,10630242.0
4467,35452130.0
4468,10630242.0
4469,55962604.0
4470,43408492.0
4471,10630242.0
4472,127857020.0
4473,27204644.0
4474,27204644.0
4475,11518864.0
4476,11720956.0
4477,40041852.0
4478,10718090.0
4479,12367902.0
4480,88243600.0
4481,12367902.0
4482,24112548.0
4483,16014308.0
4484,10630242.0
4485,31073408.0
4486,33110754.0
4487,18118202.0
4488,86443930.0
4489,45525988.0
4490,10978378.0
4491,114027770.0
4492,30061094.0
4493,17930178.0
4494,14561790.0
4495,26270284.0
4496,24996898.0
4497,12367902.0
4498,51471784.0
4499,10630242.0
4500,128167460.0
4501,90355350.0
4502,17903506.0
4503,377313180.0
4504,10630242.0
4505,12367902.0
4506,115340010.0
4507,10630242.0
4508,18275076.0
4509,10630242.0
4510,28795770.0
4511,155963970.0
4512,12833602.0
4513,58612504.0
4514,16477862.0
4515,329571870.0
4516,12367902.0
4517,29335758.0
4518,239180430.0
4519,84219130.0
4520,20226182.0
4521,21892762.0
4522,73594824.0
4523,48044240.0
4524,10630242.0
4525,39099612.0
4526,12833602.0
4527,49409620.0
4528,12367902.0
4529,10727560.0
4530,22707926.0
4531,10727560.0
4532,15150942.0
4533,29000884.0
4534,18275076.0
4535,98791870.0
4536,18372394.0
4537,11518864.0
4538,37089070.0
4539,10630242.0
4540,73571540.0
4541,28904500.0
4542,78333144.0
4543,73571540.0
4544,10738972.0
4545,10727560.0
4546,10630242.0
4547,10630242.0
4548,39099612.0
4549,10630242.0
4550,15063094.0
4551,959038200.0
4552,84026670.0
4553,28795770.0
4554,301138500.0
4555,10630242.0
4556,49130428.0
4557,27204644.0
4558,34019260.0
4559,59711904.0
4560,80131480.0
4561,48920212.0
4562,10630242.0
4563,250843500.0
4564,10630242.0
4565,10630242.0
4566,36095684.0
4567,117248470.0
4568,10727560.0
4569,41670820.0
4570,35005296.0
4571,18040842.0
4572,31073408.0
4573,46065972.0
4574,10630242.0
4575,10630242.0
4576,26270284.0
4577,12367902.0
4578,36790964.0
4579,22507992.0
4580,36956390.0
4581,28795770.0
4582,62107910.0
4583,143869950.0
4584,40537324.0
4585,131493050.0
4586,22507992.0
4587,18451330.0
4588,210321840.0
4589,17930178.0
4590,1006408640.0
4591,65383080.0
4592,10630242.0
4593,10630242.0
4594,24659024.0
4595,229902560.0
4596,332928160.0
4597,24288930.0
4598,140793090.0
4599,27204644.0
4600,10630242.0
4601,58612504.0
4602,40456024.0
4603,28893088.0
4604,20012734.0
4605,185684780.0
4606,144714240.0
4607,35005296.0
4608,19019610.0
4609,28552048.0
4610,168386580.0
4611,110961420.0
4612,35005296.0
4613,30533432.0
4614,29609066.0
4615,10727560.0
4616,10630242.0
4617,70115410.0
4618,11521470.0
4619,27204644.0
4620,13247472.0
4621,237336980.0
4622,40537324.0
4623,13256522.0
4624,10630242.0
4625,31834840.0
4626,24112548.0
4627,18713304.0
4628,27204644.0
4629,10630242.0
4630,30551312.0
4631,26415358.0
4632,10815408.0
4633,10978378.0
4634,11720956.0
4635,10630242.0
4636,60666764.0
4637,10630242.0
4638,21425098.0
4639,10630242.0
4640,45525988.0
4641,21071438.0
4642,12090444.0
4643,156605120.0
4644,11627592.0
4645,12539870.0
4646,899049400.0
4647,10630242.0
4648,10630242.0
4649,94204360.0
4650,74084220.0
4651,71482850.0
4652,342130430.0
4653,10630242.0
4654,73571540.0
4655,116300180.0
4656,18625458.0
4657,29609066.0
4658,42731204.0
4659,12833602.0
4660,27204644.0
4661,27204644.0
4662,10727560.0
4663,27204644.0
4664,10727560.0
4665,31073408.0
4666,46065972.0
4667,184405800.0
4668,10630242.0
4669,22507992.0
4670,58185936.0
4671,22979876.0
4672,10630242.0
4673,20713750.0
4674,10718090.0
4675,20478428.0
4676,10630242.0
4677,10630242.0
4678,18275076.0
4679,10630242.0
4680,10630242.0
4681,32887562.0
4682,10630242.0
4683,11521470.0
4684,10630242.0
4685,46065972.0
4686,18275076.0
4687,24200394.0
4688,141047700.0
4689,15063094.0
4690,22979876.0
4691,35005296.0
4692,18625458.0
4693,27204644.0
4694,12995992.0
4695,39700812.0
4696,27204644.0
4697,94225630.0
4698,10630242.0
4699,28454730.0
4700,142579490.0
4701,223595000.0
4702,28093262.0
4703,39099612.0
4704,48920212.0
4705,51571690.0
4706,85376840.0
4707,28795770.0
4708,19178542.0
4709,10630242.0
4710,321885000.0
4711,33110754.0
4712,10630242.0
4713,242270910.0
4714,26415358.0
4715,10630242.0
4716,10630242.0
4717,20924268.0
4718,30018680.0
4719,128869890.0
4720,22507992.0
4721,18040842.0
4722,58560732.0
4723,10727560.0
4724,136395220.0
4725,16586592.0
4726,10630242.0
4727,18625458.0
4728,40303052.0
4729,98900990.0
4730,10630242.0
4731,32414682.0
4732,458966180.0
4733,10630242.0
4734,325277120.0
4735,52148948.0
4736,12476630.0
4737,49130428.0
4738,10630242.0
4739,96156700.0
4740,524661630.0
4741,10630242.0
4742,98900990.0
4743,10630242.0
4744,10630242.0
4745,307739460.0
4746,55468652.0
4747,12367902.0
4748,70115410.0
4749,28795770.0
4750,46214720.0
4751,63880096.0
4752,24112548.0
4753,11616182.0
4754,599731900.0
4755,22979876.0
4756,40829340.0
4757,178883840.0
4758,129504264.0
4759,534863140.0
4760,10630242.0
4761,18372394.0
4762,10630242.0
4763,10630242.0
4764,382593700.0
4765,19029736.0
4766,157147980.0
4767,52350624.0
4768,70479470.0
4769,45525988.0
4770,106388210.0
4771,123563120.0
4772,25801396.0
4773,28795770.0
4774,12002598.0
4775,10630242.0
4776,13068924.0
4777,268640860.0
4778,75912904.0
4779,13161812.0
4780,256556130.0
4781,10630242.0
4782,56778996.0
4783,18275076.0
4784,18275076.0
4785,30308648.0
4786,97411150.0
4787,89198670.0
4788,121917000.0
4789,10815408.0
4790,81349350.0
4791,46514084.0
4792,10630242.0
4793,28093262.0
4794,12833602.0
4795,46992730.0
4796,11808802.0
4797,826865800.0
4798,60666764.0
4799,47507470.0
4800,37278180.0
4801,10630242.0
4802,30642162.0
4803,10630242.0
4804,12367902.0
4805,10630242.0
4806,17930178.0
4807,10630242.0
4808,12367902.0
4809,99704740.0
4810,10630242.0
4811,10727560.0
4812,90165976.0
4813,88896780.0
4814,10630242.0
4815,35005296.0
4816,56441250.0
4817,14891066.0
4818,85448700.0
4819,11720956.0
4820,84584450.0
4821,13247472.0
4822,10630242.0
4823,27204644.0
4824,45634716.0
4825,95136980.0
4826,22507992.0
4827,65823624.0
4828,31984942.0
4829,43062428.0
4830,51466292.0
4831,31327338.0
4832,31592132.0
4833,10727560.0
4834,39099612.0
4835,47222010.0
4836,16678252.0
4837,159285810.0
4838,42829656.0
4839,10630242.0
4840,381878880.0
4841,10630242.0
4842,98900990.0
4843,136395220.0
4844,10630242.0
4845,20012734.0
4846,12833602.0
4847,389582050.0
4848,38453684.0
4849,192971620.0
4850,17509000.0
4851,10630242.0
4852,27204644.0
4853,118793510.0
4854,39099612.0
4855,85588220.0
4856,15063094.0
4857,30533432.0
4858,52472972.0
4859,39208340.0
4860,475776220.0
4861,132155980.0
4862,163233890.0
4863,218074820.0
4864,78269660.0
4865,31444958.0
4866,15063094.0
4867,129947760.0
4868,12367902.0
4869,10630242.0
4870,15150942.0
4871,34536410.0
4872,10630242.0
4873,15150942.0
4874,92510390.0
4875,12367902.0
4876,56778996.0
4877,39658596.0
4878,48388610.0
4879,37330948.0
4880,29886478.0
4881,10630242.0
4882,29444488.0
4883,60666764.0
4884,116685920.0
4885,27204644.0
4886,29137916.0
4887,10630242.0
4888,27204644.0
4889,10630242.0
4890,84590780.0
4891,11521470.0
4892,18275076.0
4893,67348900.0
4894,13428490.0
4895,12367902.0
4896,101143590.0
4897,18275076.0
4898,123036140.0
4899,119805080.0
4900,181809200.0
4901,47059360.0
4902,18625458.0
4903,15063094.0
4904,246924590.0
4905,35005296.0
4906,10630242.0
4907,808185600.0
4908,36095684.0
4909,73764696.0
4910,35005296.0
4911,19778500.0
4912,88896780.0
4913,15951710.0
4914,73571540.0
4915,73571540.0
4916,22252532.0
4917,18275076.0
4918,136546690.0
4919,39658596.0
4920,45184948.0
4921,97707416.0
4922,21720506.0
4923,17930178.0
4924,87432830.0
4925,134162490.0
4926,10630242.0
4927,33110754.0
4928,25801396.0
4929,48388610.0
4930,23748484.0
4931,29327796.0
4932,10630242.0
4933,75577010.0
4934,10630242.0
4935,673058900.0
4936,12645332.0
4937,10630242.0
4938,27204644.0
4939,10630242.0
4940,15063094.0
4941,85448700.0
4942,10630242.0
4943,80131480.0
4944,75677580.0
4945,10727560.0
4946,16014308.0
4947,10630242.0
4948,10727560.0
4949,40303052.0
4950,42973892.0
4951,45514524.0
4952,30642162.0
4953,89506850.0
4954,38977024.0
4955,10630242.0
4956,24112548.0
4957,45184948.0
4958,17806188.0
4959,30893404.0
4960,17459912.0
4961,126031780.0
4962,10630242.0
4963,58885028.0
4964,46214720.0
4965,11720956.0
4966,18275076.0
4967,64067444.0
4968,41670820.0
4969,10630242.0
4970,10630242.0
4971,93033624.0
4972,47571124.0
4973,46214720.0
4974,114726776.0
4975,12367902.0
4976,10630242.0
4977,68087420.0
4978,10630242.0
4979,27292490.0
4980,46065972.0
4981,24221278.0
4982,120712160.0
4983,10630242.0
4984,40768870.0
4985,398787620.0
4986,10630242.0
4987,13247472.0
4988,10718090.0
4989,30708104.0
4990,10738972.0
4991,24375752.0
4992,215576930.0
4993,24221278.0
4994,98900990.0
4995,10630242.0
4996,28221382.0
4997,59980890.0
4998,24701872.0
4999,70672630.0
5000,199246200.0
5001,238508780.0
5002,225439600.0
5003,34667240.0
5004,30533432.0
5005,31627196.0
5006,425596860.0
5007,30533432.0
5008,371150750.0
5009,34190136.0
5010,16380544.0
5011,20478428.0
5012,123646730.0
5013,46214720.0
5014,43145572.0
5015,41205644.0
5016,99704740.0
5017,30546304.0
5018,39187460.0
5019,70479470.0
5020,46514084.0
5021,10630242.0
5022,34879790.0
5023,17930178.0
5024,107835640.0
5025,10630242.0
5026,134300880.0
5027,82555170.0
5028,67531336.0
5029,109414970.0
5030,31368072.0
5031,16380544.0
5032,186983330.0
5033,17459912.0
5034,28795770.0
5035,10630242.0
5036,40537324.0
5037,65977524.0
5038,286750850.0
5039,10727560.0
5040,64013424.0
5041,37409724.0
5042,16014308.0
5043,37330948.0
5044,217693840.0
5045,39589020.0
5046,10630242.0
5047,10630242.0
5048,10630242.0
5049,98900990.0
5050,10630242.0
5051,332538400.0
5052,138109220.0
5053,41670820.0
5054,82351810.0
5055,26218582.0
5056,10727560.0
5057,21720506.0
5058,29444488.0
5059,22707926.0
5060,128249816.0
5061,61418600.0
5062,10630242.0
5063,10630242.0
5064,64141284.0
5065,19543846.0
5066,20026280.0
5067,46065972.0
5068,39187460.0
5069,92510390.0
5070,39099612.0
5071,123806900.0
5072,76106060.0
5073,10630242.0
5074,10727560.0
5075,20713750.0
5076,36790964.0
5077,126895630.0
5078,10630242.0
5079,17806188.0
5080,98900990.0
5081,83748744.0
5082,20226182.0
5083,18275076.0
5084,28795770.0
5085,10630242.0
5086,10630242.0
5087,10630242.0
5088,10630242.0
5089,17930178.0
5090,20226182.0
5091,25575004.0
5092,41301228.0
5093,58419348.0
5094,68858860.0
5095,134391730.0
5096,23434966.0
5097,10630242.0
5098,12833602.0
5099,11720956.0
5100,18625458.0
5101,10630242.0
5102,12367902.0
5103,10630242.0
5104,56972150.0
5105,18625458.0
5106,10630242.0
5107,39099612.0
5108,28795770.0
5109,10630242.0
5110,24906454.0
5111,115340010.0
5112,29137916.0
5113,10630242.0
5114,14473942.0
5115,11518864.0
5116,10630242.0
5117,329161570.0
5118,83155550.0
5119,13068924.0
5120,10630242.0
5121,70479470.0
5122,33952840.0
5123,24112548.0
5124,18275076.0
5125,28563460.0
5126,31243950.0
5127,55663240.0
5128,10630242.0
5129,14096850.0
5130,85448700.0
5131,29137916.0
5132,49825708.0
5133,136360420.0
5134,119689464.0
5135,169641020.0
5136,15063094.0
5137,81338456.0
5138,32441506.0
5139,186353200.0
5140,188305970.0
5141,58885028.0
5142,186053860.0
5143,61344996.0
5144,58669460.0
5145,12367902.0
5146,10630242.0
5147,18275076.0
5148,29137916.0
5149,11162270.0
5150,440192160.0
5151,381836450.0
5152,93033624.0
5153,12367902.0
5154,38741700.0
5155,13068924.0
5156,601344400.0
5157,47768532.0
5158,18275076.0
5159,73124750.0
5160,24309124.0
5161,31913216.0
5162,97707416.0
5163,130686904.0
5164,11162270.0
5165,65923064.0
5166,135208080.0
5167,17459912.0
5168,21720506.0
5169,10630242.0
5170,46514084.0
5171,159172380.0
5172,12002598.0
5173,100815330.0
5174,115753190.0
5175,18275076.0
5176,11720956.0
5177,143357700.0
5178,715888830.0
5179,10630242.0
5180,17903506.0
5181,10630242.0
5182,56972150.0
5183,10738972.0
5184,27204644.0
5185,10630242.0
5186,22507992.0
5187,10718090.0
5188,12833602.0
5189,48044240.0
5190,278971070.0
5191,48388610.0
5192,98900990.0
5193,107081500.0
5194,40198580.0
5195,177400740.0
5196,65977524.0
5197,60122064.0
5198,64836564.0
5199,18372394.0
5200,12921448.0
5201,28093262.0
5202,11162270.0
5203,10630242.0
5204,10630242.0
5205,28795770.0
5206,25575004.0
5207,10630242.0
5208,39099612.0
5209,98900990.0
5210,41768140.0
5211,12455748.0
5212,27204644.0
5213,59930310.0
5214,10630242.0
5215,13279436.0
5216,65763660.0
5217,12833602.0
5218,18377216.0
5219,39099612.0
5220,73594824.0
5221,10630242.0
5222,10630242.0
5223,158171060.0
5224,10630242.0
5225,10630242.0
5226,61132468.0
5227,10630242.0
5228,31444958.0
5229,129790616.0
5230,10630242.0
5231,18625458.0
5232,10738972.0
5233,12833602.0
5234,58560732.0
5235,31073408.0
5236,145248940.0
5237,151805470.0
5238,27204644.0
5239,39658596.0
5240,49913600.0
5241,57060490.0
5242,62615096.0
5243,10630242.0
5244,94615336.0
5245,27204644.0
5246,27204644.0
5247,66517508.0
5248,10630242.0
5249,49825708.0
5250,212125340.0
5251,18625458.0
5252,10630242.0
5253,17459912.0
5254,10630242.0
5255,89386190.0
5256,54155250.0
5257,15063094.0
5258,12367902.0
5259,106682696.0
5260,12002598.0
5261,58560732.0
5262,28454730.0
5263,47697970.0
5264,10630242.0
5265,47768532.0
5266,28082588.0
5267,10630242.0
5268,10815408.0
5269,101133630.0
5270,77793144.0
5271,39589020.0
5272,114796184.0
5273,10630242.0
5274,59313508.0
5275,12367902.0
5276,24112548.0
5277,10718090.0
5278,26415358.0
5279,30226982.0
5280,10630242.0
5281,28795770.0
5282,24112548.0
5283,10630242.0
5284,10727560.0
5285,58560732.0
5286,15400966.0
5287,10630242.0
5288,13247472.0
5289,191191650.0
5290,136546690.0
5291,629539140.0
5292,204478990.0
5293,168521970.0
5294,10630242.0
5295,552554050.0
5296,12833602.0
5297,92163300.0
5298,129504264.0
5299,11808802.0
5300,10630242.0
5301,18275076.0
5302,73547200.0
5303,10630242.0
5304,29521162.0
5305,10630242.0
5306,67531336.0
5307,227785580.0
5308,10630242.0
5309,10630242.0
5310,115340010.0
5311,10718090.0
5312,135208080.0
5313,492742940.0
5314,89744670.0
5315,10630242.0
5316,33225436.0
5317,24112548.0
5318,10630242.0
5319,47877260.0
5320,20924268.0
5321,40829340.0
5322,10630242.0
5323,140453740.0
5324,29521162.0
5325,10630242.0
5326,28093262.0
5327,127950440.0
5328,30311650.0
5329,10718090.0
5330,150814220.0
5331,10630242.0
5332,10630242.0
5333,58419348.0
5334,46103668.0
5335,10630242.0
5336,25575004.0
5337,10738972.0
5338,45184948.0
5339,37284220.0
5340,21337252.0
5341,117386450.0
5342,175315120.0
5343,31439928.0
5344,131501580.0
5345,10630242.0
5346,122026470.0
5347,10630242.0
5348,29521162.0
5349,10630242.0
5350,10630242.0
5351,98900990.0
5352,12833602.0
5353,30893404.0
5354,59930310.0
5355,83748744.0
5356,15509698.0
5357,10630242.0
5358,103925740.0
5359,56071332.0
5360,100731280.0
5361,16678252.0
5362,10630242.0
5363,33566480.0
5364,10630242.0
5365,73571540.0
5366,112661890.0
5367,72228840.0
5368,29335758.0
5369,532867550.0
5370,82351810.0
5371,45634716.0
5372,633540200.0
5373,55663240.0
5374,99106180.0
5375,73764696.0
5376,131581580.0
5377,31774432.0
5378,10738972.0
5379,27204644.0
5380,73547200.0
5381,78876410.0
5382,75975970.0
5383,10630242.0
5384,217110340.0
5385,129504264.0
5386,46214720.0
5387,18275076.0
5388,196121400.0
5389,14272830.0
5390,47134160.0
5391,31089004.0
5392,10630242.0
5393,12367902.0
5394,45525988.0
5395,27313374.0
5396,162449540.0
5397,16380544.0
5398,29335758.0
5399,10630242.0
5400,10727560.0
5401,86764220.0
5402,72228840.0
5403,58180988.0
5404,10630242.0
5405,135533760.0
5406,10630242.0
5407,237873040.0
5408,486596900.0
5409,98041550.0
5410,18275076.0
5411,41670820.0
5412,10630242.0
5413,12002598.0
5414,97707416.0
5415,83775380.0
5416,28153016.0
5417,93010780.0
5418,10630242.0
5419,10630242.0
5420,59440904.0
5421,52941004.0
5422,115340010.0
5423,185393660.0
5424,142364030.0
5425,30533432.0
5426,41779548.0
5427,11720956.0
5428,12367902.0
5429,59554120.0
5430,162476340.0
5431,47290980.0
5432,60685388.0
5433,27204644.0
5434,55468652.0
5435,18625458.0
5436,32943366.0
5437,43062428.0
5438,23678608.0
5439,10630242.0
5440,67897340.0
5441,24201084.0
5442,178883840.0
5443,109414970.0
5444,54335972.0
5445,55468652.0
5446,87395144.0
5447,27292490.0
5448,28795770.0
5449,88972400.0
5450,16014308.0
5451,31010384.0
5452,10630242.0
5453,193005500.0
5454,127950440.0
5455,29345954.0
5456,28795770.0
5457,58247196.0
5458,12367902.0
5459,12833602.0
5460,10630242.0
5461,10630242.0
5462,10630242.0
5463,806672600.0
5464,10630242.0
5465,30192388.0
5466,61426252.0
5467,68694330.0
5468,124681760.0
5469,10630242.0
5470,326875140.0
5471,117930340.0
5472,70072000.0
5473,20924268.0
5474,33768588.0
5475,84255130.0
5476,29886478.0
5477,10718090.0
5478,61861740.0
5479,95444850.0
5480,18118202.0
5481,24201084.0
5482,32906606.0
5483,30018680.0
5484,94676250.0
5485,10727560.0
5486,39589020.0
5487,294603000.0
5488,67159576.0
5489,84255130.0
5490,13247472.0
5491,127473700.0
5492,29818702.0
5493,28093262.0
5494,10630242.0
5495,41768140.0
5496,55706708.0
5497,28153016.0
5498,10630242.0
5499,97707416.0
5500,28093262.0
5501,21337252.0
5502,22979876.0
5503,44689340.0
5504,49962412.0
5505,10630242.0
5506,253875220.0
5507,50823684.0
5508,136546690.0
5509,121249704.0
5510,27292490.0
5511,18275076.0
5512,129947760.0
5513,10630242.0
5514,41768140.0
5515,20226182.0
5516,10738972.0
5517,332538400.0
5518,27064190.0
5519,149866740.0
5520,10630242.0
5521,25610242.0
5522,10630242.0
5523,357074140.0
5524,425158750.0
5525,36790964.0
5526,20012734.0
5527,13068924.0
5528,70880400.0
5529,10630242.0
5530,269035000.0
5531,10630242.0
5532,13361296.0
5533,91504170.0
5534,378398940.0
5535,10738972.0
5536,10630242.0
5537,27204644.0
5538,27204644.0
5539,227306910.0
5540,55663240.0
5541,168930600.0
5542,10630242.0
5543,24375752.0
5544,51360716.0
5545,10630242.0
5546,18625458.0
5547,15737190.0
5548,19898586.0
5549,64836564.0
5550,82189864.0
5551,24112548.0
5552,72585520.0
5553,58560732.0
5554,27204644.0
5555,42433908.0
5556,20012734.0
5557,15400966.0
5558,608541600.0
5559,10630242.0
5560,11720956.0
5561,18372394.0
5562,52844228.0
5563,10630242.0
5564,10630242.0
5565,27204644.0
5566,28795770.0
5567,18625458.0
5568,38460684.0
5569,80549960.0
5570,37728250.0
5571,129504264.0
5572,10630242.0
5573,161547580.0
5574,12367902.0
5575,130686904.0
5576,49825708.0
5577,46212396.0
5578,15063094.0
5579,20226182.0
5580,10630242.0
5581,31073408.0
5582,28153016.0
5583,66509548.0
5584,35005296.0
5585,41670820.0
5586,10630242.0
5587,22707926.0
5588,155670060.0
5589,110110260.0
5590,10630242.0
5591,49846428.0
5592,18275076.0
5593,30311650.0
5594,18275076.0
5595,25801396.0
5596,193005500.0
5597,13068924.0
5598,32981494.0
5599,23748484.0
5600,11720956.0
5601,36635668.0
5602,90165976.0
5603,10630242.0
5604,19618848.0
5605,181583840.0
5606,95897450.0
5607,42687868.0
5608,92223300.0
5609,18923568.0
5610,42522444.0
5611,60236810.0
5612,587187840.0
5613,39099612.0
5614,20012734.0
5615,73594824.0
5616,24112548.0
5617,330026980.0
5618,33768588.0
5619,80909490.0
5620,27204644.0
5621,73594824.0
5622,47101456.0
5623,30708104.0
5624,523692860.0
5625,10630242.0
5626,10630242.0
5627,91793020.0
5628,46212396.0
5629,285646530.0
5630,27204644.0
5631,88896780.0
5632,71482850.0
5633,31342240.0
5634,47134160.0
5635,73680264.0
5636,10630242.0
5637,12367902.0
5638,97707416.0
5639,27204644.0
5640,10630242.0
5641,73571540.0
5642,26270284.0
5643,12367902.0
5644,629539140.0
5645,116905740.0
5646,13068924.0
5647,19898586.0
5648,90165976.0
5649,10630242.0
5650,135583800.0
5651,46103668.0
5652,16380544.0
5653,90391510.0
5654,75975970.0
5655,80962880.0
5656,796652350.0
5657,12833602.0
5658,18625458.0
5659,30308648.0
5660,96782110.0
5661,15171822.0
5662,264872100.0
5663,20813390.0
5664,23748484.0
5665,77111380.0
5666,41670820.0
5667,47080576.0
5668,10630242.0
5669,16380544.0
5670,633854340.0
5671,30956926.0
5672,12833602.0
5673,111268280.0
5674,29654620.0
5675,14096850.0
5676,10630242.0
5677,81124870.0
5678,95808910.0
5679,10630242.0
5680,22225870.0
5681,905383360.0
5682,10630242.0
5683,495222400.0
5684,88277110.0
5685,46992730.0
5686,10718090.0
5687,55557188.0
5688,19543846.0
5689,22707926.0
5690,13156770.0
5691,75038530.0
5692,568894460.0
5693,35005296.0
5694,59330880.0
5695,12367902.0
5696,49130428.0
5697,10630242.0
5698,21920812.0
5699,11720956.0
5700,70479470.0
5701,24201084.0
5702,38555956.0
5703,58560732.0
5704,69268770.0
5705,29335758.0
5706,10630242.0
5707,56874830.0
5708,22979876.0
5709,28795770.0
5710,12367902.0
5711,30127134.0
5712,133491980.0
5713,10718090.0
5714,12367902.0
5715,20009540.0
5716,10630242.0
5717,28904500.0
5718,18275076.0
5719,37330948.0
5720,21963840.0
5721,101054100.0
5722,10630242.0
5723,85448700.0
5724,10630242.0
5725,10630242.0
5726,73764696.0
5727,193005500.0
5728,27204644.0
5729,270424540.0
5730,12090444.0
5731,10630242.0
5732,10630242.0
5733,18383806.0
5734,30533432.0
5735,12367902.0
5736,80909490.0
5737,83748744.0
5738,158987710.0
5739,12476630.0
5740,23561152.0
5741,135785180.0
5742,52693340.0
5743,39317556.0
5744,10630242.0
5745,18275076.0
5746,33740810.0
5747,10630242.0
5748,98250700.0
5749,48872650.0
5750,52844228.0
5751,61908428.0
5752,18275076.0
5753,286454720.0
5754,41768140.0
5755,112977900.0
5756,30426466.0
5757,20478428.0
5758,10630242.0
5759,21337252.0
5760,10727560.0
5761,10630242.0
5762,203056130.0
5763,101305420.0
5764,10727560.0
5765,33228600.0
5766,49825708.0
5767,36790964.0
5768,22707926.0
5769,257136200.0
5770,28795770.0
5771,32259740.0
5772,29444488.0
5773,393011000.0
5774,88441250.0
5775,42522444.0
5776,45620276.0
5777,166933280.0
5778,131501580.0
5779,257676720.0
5780,10630242.0
5781,93837370.0
5782,54516376.0
5783,71482850.0
5784,13068924.0
5785,80053330.0
5786,28795770.0
5787,170383890.0
5788,10630242.0
5789,36635668.0
5790,95808910.0
5791,73571540.0
5792,20713750.0
5793,12367902.0
5794,72228840.0
5795,90165976.0
5796,22507992.0
5797,43642584.0
5798,10630242.0
5799,321318530.0
5800,10630242.0
5801,21920812.0
5802,10630242.0
5803,10630242.0
5804,377523460.0
5805,29310678.0
5806,24112548.0
5807,45525988.0
5808,51518664.0
5809,41670820.0
5810,10630242.0
5811,10727560.0
5812,82848300.0
5813,75383850.0
5814,10630242.0
5815,10630242.0
5816,10630242.0
5817,12833602.0
5818,18625458.0
5819,38896996.0
5820,24112548.0
5821,10630242.0
5822,10630242.0
5823,53864084.0
5824,51471784.0
5825,24201084.0
5826,18583896.0
5827,13068924.0
5828,347409600.0
5829,77954280.0
5830,49124936.0
5831,72337570.0
5832,35005296.0
5833,44109496.0
5834,54428530.0
5835,10630242.0
5836,94703870.0
5837,45634716.0
5838,10630242.0
5839,85846540.0
5840,10630242.0
5841,81004540.0
5842,55468652.0
5843,12367902.0
5844,12367902.0
5845,10630242.0
5846,10630242.0
5847,98900990.0
5848,64836564.0
5849,10630242.0
5850,35821300.0
5851,16380544.0
5852,10630242.0
5853,51228220.0
5854,26270284.0
5855,138507540.0
5856,22707926.0
5857,629726500.0
5858,10630242.0
5859,80131480.0
5860,128728450.0
5861,10630242.0
5862,12367902.0
5863,106584330.0
5864,391413470.0
5865,23561152.0
5866,20012734.0
5867,24201084.0
5868,47718828.0
5869,18625458.0
5870,10630242.0
5871,81794030.0
5872,169977780.0
5873,24994990.0
5874,10630242.0
5875,64836564.0
5876,58560732.0
5877,10630242.0
5878,104102450.0
5879,24112548.0
5880,97411150.0
5881,73764696.0
5882,214535200.0
5883,12367902.0
5884,57217052.0
5885,10630242.0
5886,30308648.0
5887,10727560.0
5888,20602550.0
5889,10630242.0
5890,58116988.0
5891,82351810.0
5892,20478428.0
5893,22507992.0
5894,113822100.0
5895,20012734.0
5896,136576380.0
5897,10630242.0
5898,42522444.0
5899,13247472.0
5900,17169132.0
5901,10630242.0
5902,15696688.0
5903,71482850.0
5904,58612504.0
5905,103590050.0
5906,73764696.0
5907,10630242.0
5908,75032530.0
5909,32981494.0
5910,150515740.0
5911,10718090.0
5912,326963650.0
5913,62065744.0
5914,15063094.0
5915,24112548.0
5916,55104588.0
5917,252522850.0
5918,76463750.0
5919,66816870.0
5920,10630242.0
5921,44467180.0
5922,13256522.0
5923,18018024.0
5924,28795770.0
5925,456198620.0
5926,10630242.0
5927,11518864.0
5928,83748744.0
5929,10630242.0
5930,66816870.0
5931,43062428.0
5932,10630242.0
5933,18275076.0
5934,114707460.0
5935,154277150.0
5936,86008020.0
5937,10630242.0
5938,12645332.0
5939,24375752.0
5940,102247670.0
5941,20226182.0
5942,81651700.0
5943,21720506.0
5944,32887562.0
5945,27204644.0
5946,10630242.0
5947,10630242.0
5948,125020664.0
5949,15063094.0
5950,258220130.0
5951,52693340.0
5952,10630242.0
5953,112363304.0
5954,28611640.0
5955,77358140.0
5956,82555170.0
5957,31444328.0
5958,123121710.0
5959,28795770.0
5960,10727560.0
5961,12367902.0
5962,13335318.0
5963,46065972.0
5964,73571540.0
5965,60525380.0
5966,34771064.0
5967,461920300.0
5968,120751740.0
5969,40198580.0
5970,19647430.0
5971,10630242.0
5972,45316564.0
5973,85080190.0
5974,10630242.0
5975,26270284.0
5976,10630242.0
5977,10630242.0
5978,696385150.0
5979,16380544.0
5980,225394900.0
5981,16380544.0
5982,168386580.0
5983,10630242.0
5984,33768588.0
5985,98900990.0
5986,10630242.0
5987,28795770.0
5988,58560732.0
5989,13247472.0
5990,149090940.0
5991,10630242.0
5992,47338544.0
5993,68071320.0
5994,10630242.0
5995,31234444.0
5996,26130150.0
5997,29335758.0
5998,261848590.0
5999,10630242.0
6000,12367902.0
6001,20966814.0
6002,10630242.0
6003,461060480.0
6004,47080576.0
6005,10630242.0
6006,21425098.0
6007,12367902.0
6008,12367902.0
6009,91840050.0
6010,65029720.0
6011,40829340.0
6012,20012734.0
6013,327132000.0
6014,15400966.0
6015,29609066.0
6016,41768140.0
6017,10630242.0
6018,54494816.0
6019,10630242.0
6020,10630242.0
6021,18539176.0
6022,14184696.0
6023,125659624.0
6024,10718090.0
6025,27313374.0
6026,146127730.0
6027,18118202.0
6028,144341840.0
6029,12833602.0
6030,268665250.0
6031,48470400.0
6032,10630242.0
6033,53860444.0
6034,10630242.0
6035,439494300.0
6036,10630242.0
6037,10630242.0
6038,10630242.0
6039,10738972.0
6040,58560732.0
6041,334774240.0
6042,10630242.0
6043,129744960.0
6044,10630242.0
6045,41862930.0
6046,10630242.0
6047,40537324.0
6048,15150942.0
6049,17806188.0
6050,10630242.0
6051,12833602.0
6052,83748744.0
6053,10630242.0
6054,10630242.0
6055,10630242.0
6056,42433908.0
6057,10630242.0
6058,31592132.0
6059,127847430.0
6060,50060184.0
6061,96156700.0
6062,12367902.0
6063,113822100.0
6064,10630242.0
6065,150603600.0
6066,52693340.0
6067,49745012.0
6068,10630242.0
6069,174053870.0
6070,138130190.0
6071,10727560.0
6072,46214720.0
6073,40180850.0
6074,10718090.0
6075,22979876.0
6076,83015540.0
6077,14887812.0
6078,62107910.0
6079,492742940.0
6080,10630242.0
6081,13247472.0
6082,16380544.0
6083,135048700.0
6084,25575004.0
6085,29433076.0
6086,18275076.0
6087,45550000.0
6088,24112548.0
6089,15063094.0
6090,328662240.0
6091,10630242.0
6092,14184696.0
6093,22595838.0
6094,123036140.0
6095,123671850.0
6096,13256522.0
6097,34771064.0
6098,41670820.0
6099,33228600.0
6100,45525988.0
6101,151814820.0
6102,69068090.0
6103,98597704.0
6104,10630242.0
6105,12539870.0
6106,10630242.0
6107,10630242.0
6108,57772384.0
6109,54428530.0
6110,80391200.0
6111,10630242.0
6112,10630242.0
6113,28795770.0
6114,84743780.0
6115,134162490.0
6116,10630242.0
6117,29310678.0
6118,64141284.0
6119,115410210.0
6120,49651584.0
6121,18040842.0
6122,125826400.0
6123,13247472.0
6124,18275076.0
6125,16380544.0
6126,14561790.0
6127,21720506.0
6128,325121060.0
6129,10836290.0
6130,10630242.0
6131,21720506.0
6132,10630242.0
6133,31913216.0
6134,60965160.0
6135,36790964.0
6136,536662050.0
6137,90083336.0
6138,10630242.0
6139,950232000.0
6140,27204644.0
6141,31089004.0
6142,10630242.0
6143,18625458.0
6144,27998550.0
6145,46514084.0
6146,31089004.0
6147,89089944.0
6148,28795770.0
6149,95897450.0
6150,479119420.0
6151,23467082.0
6152,1032919800.0
6153,10630242.0
6154,10630242.0
6155,106682696.0
6156,13247472.0
6157,28093262.0
6158,97947680.0
6159,24200394.0
6160,40945430.0
6161,29541806.0
6162,12367902.0
6163,10630242.0
6164,27204644.0
6165,49941644.0
6166,31701494.0
6167,27204644.0
6168,25910126.0
6169,55577380.0
6170,10630242.0
6171,21920812.0
6172,10630242.0
6173,21720506.0
6174,58560732.0
6175,22707926.0
6176,46214720.0
6177,76270590.0
6178,10630242.0
6179,210733230.0
6180,59980890.0
6181,12367902.0
6182,313684960.0
6183,22707926.0
6184,821489500.0
6185,18118202.0
6186,39099612.0
6187,18625458.0
6188,43408492.0
6189,22507992.0
6190,147376770.0
6191,18625458.0
6192,83791350.0
6193,21451924.0
6194,10630242.0
6195,10630242.0
6196,54231260.0
6197,12833602.0
6198,101659520.0
6199,610787300.0
6200,10630242.0
6201,11720956.0
6202,119689464.0
6203,555617500.0
6204,12367902.0
6205,10630242.0
6206,58612504.0
6207,58575708.0
6208,38553720.0
6209,10630242.0
6210,10718090.0
6211,85343810.0
6212,12367902.0
6213,76520130.0
6214,39099612.0
6215,22707926.0
6216,31073408.0
6217,10630242.0
6218,10630242.0
6219,31073408.0
6220,10630242.0
6221,17507010.0
6222,10630242.0
6223,48872650.0
6224,50871308.0
6225,89005510.0
6226,12367902.0
6227,12367902.0
6228,10718090.0
6229,10630242.0
6230,10630242.0
6231,95840780.0
6232,18275076.0
6233,172056560.0
6234,36635668.0
6235,36790964.0
6236,47571124.0
6237,12367902.0
6238,18625458.0
6239,155098880.0
6240,201008400.0
6241,10630242.0
6242,10630242.0
6243,18372394.0
6244,83748744.0
6245,10815408.0
6246,14096850.0
6247,652979900.0
6248,22507992.0
6249,18625458.0
6250,58419348.0
6251,97707416.0
6252,41670820.0
6253,20226182.0
6254,147246260.0
6255,11518864.0
6256,20758208.0
6257,106976940.0
6258,10630242.0
6259,10630242.0
6260,15063094.0
6261,104799544.0
6262,20226182.0
6263,85957310.0
6264,10630242.0
6265,14887812.0
6266,12367902.0
6267,86741096.0
6268,10630242.0
6269,136031570.0
6270,118845270.0
6271,176305870.0
6272,11518864.0
6273,57969532.0
6274,213480210.0
6275,36790964.0
6276,20012734.0
6277,24375752.0
6278,18275076.0
6279,28153016.0
6280,22507992.0
6281,12367902.0
6282,233817470.0
6283,43517220.0
6284,120846680.0
6285,45525988.0
6286,10630242.0
6287,20012734.0
6288,192780140.0
6289,157324670.0
6290,10630242.0
6291,73594824.0
6292,227252510.0
6293,327855800.0
6294,15063094.0
6295,385048500.0
6296,10630242.0
6297,43408492.0
6298,10630242.0
6299,10630242.0
6300,80430856.0
6301,36790964.0
6302,10727560.0
6303,21720506.0
6304,20012734.0
6305,131581580.0
6306,59581816.0
6307,10630242.0
6308,10630242.0
6309,10630242.0
6310,37330948.0
6311,10630242.0
6312,10630242.0
6313,46061704.0
6314,42973892.0
6315,18625458.0
6316,40488300.0
6317,171344590.0
6318,49825708.0
6319,45525988.0
6320,10630242.0
6321,190242220.0
6322,29137916.0
6323,35114024.0
6324,10630242.0
6325,70232984.0
6326,22507992.0
6327,19652576.0
6328,59671190.0
6329,11518864.0
6330,10630242.0
6331,98900990.0
6332,10630242.0
6333,20012734.0
6334,12833602.0
6335,61907390.0
6336,54155250.0
6337,70479470.0
6338,10630242.0
6339,47768532.0
6340,10630242.0
6341,10727560.0
6342,18625458.0
6343,45525988.0
6344,54662348.0
6345,10630242.0
6346,144714240.0
6347,96050490.0
6348,27204644.0
6349,37330948.0
6350,10630242.0
6351,139296340.0
6352,90373260.0
6353,10630242.0
6354,10630242.0
6355,10630242.0
6356,15696688.0
6357,18819218.0
6358,10630242.0
6359,10630242.0
6360,10630242.0
6361,170398340.0
6362,14473942.0
6363,16056480.0
6364,26757854.0
6365,130360380.0
6366,13361296.0
6367,12367902.0
6368,36790964.0
6369,39589020.0
6370,174433700.0
6371,20713750.0
6372,46065972.0
6373,11518864.0
6374,22429534.0
6375,190242220.0
6376,15488814.0
6377,18625458.0
6378,13156770.0
6379,211212180.0
6380,19543846.0
6381,310784060.0
6382,64836564.0
6383,35383748.0
6384,88972400.0
6385,18625458.0
6386,288513570.0
6387,18372394.0
6388,10630242.0
6389,10630242.0
6390,57516656.0
6391,10727560.0
6392,44689340.0
6393,194308350.0
6394,226315630.0
6395,10630242.0
6396,10630242.0
6397,12002598.0
6398,46214720.0
6399,10727560.0
6400,47768532.0
6401,10630242.0
6402,18625458.0
6403,12833602.0
6404,49409620.0
6405,10630242.0
6406,10727560.0
6407,22707926.0
6408,31073408.0
6409,73764696.0
6410,19197570.0
6411,10630242.0
6412,17930178.0
6413,58885028.0
6414,488323260.0
6415,10630242.0
6416,12367902.0
6417,100898310.0
6418,61114524.0
6419,34202756.0
6420,65977524.0
6421,39297748.0
6422,10630242.0
6423,27204644.0
6424,67531336.0
6425,56582680.0
6426,18275076.0
6427,10630242.0
6428,10630242.0
6429,29433076.0
6430,96635336.0
6431,130149070.0
6432,102340690.0
6433,35114024.0
6434,20924268.0
6435,60432864.0
6436,68874930.0
6437,27204644.0
6438,36956390.0
6439,18383806.0
6440,62016120.0
6441,18018024.0
6442,18275076.0
6443,47134160.0
6444,10630242.0
6445,336288000.0
6446,191122740.0
6447,24112548.0
6448,10630242.0
6449,29052274.0
6450,26415358.0
6451,15400966.0
6452,81060910.0
6453,70672630.0
6454,39658596.0
6455,29444488.0
6456,10727560.0
6457,135732210.0
6458,12833602.0
6459,39051988.0
6460,110110260.0
6461,95262890.0
6462,187565310.0
6463,10630242.0
6464,12002598.0
6465,30551312.0
6466,22686668.0
6467,21720506.0
6468,10630242.0
6469,18275076.0
6470,10727560.0
6471,10630242.0
6472,18018024.0
6473,22707926.0
6474,10630242.0
6475,11720956.0
6476,292210500.0
6477,66247316.0
6478,20813390.0
6479,356860860.0
6480,58560732.0
6481,85791500.0
6482,10812494.0
6483,10630242.0
6484,153837060.0
6485,86865500.0
6486,10630242.0
6487,111795130.0
6488,36635668.0
6489,10630242.0
6490,14096850.0
6491,28414118.0
6492,18351136.0
6493,46601932.0
6494,139198450.0
6495,17507010.0
6496,238011650.0
6497,220005330.0
6498,75863890.0
6499,27204644.0
6500,11720956.0
6501,10727560.0
6502,98900990.0
6503,35005296.0
6504,14096850.0
6505,28893088.0
6506,13068924.0
6507,22507992.0
6508,95857070.0
6509,10630242.0
6510,10718090.0
6511,27204644.0
6512,15063094.0
6513,28093262.0
6514,10630242.0
6515,263719200.0
6516,34236424.0
6517,15063094.0
6518,12645332.0
6519,59440904.0
6520,10630242.0
6521,285628000.0
6522,48640336.0
6523,56441250.0
6524,34106464.0
6525,61273652.0
6526,339788960.0
6527,10630242.0
6528,18275076.0
6529,18625458.0
6530,110110260.0
6531,10630242.0
6532,21720506.0
6533,10630242.0
6534,509576000.0
6535,10718090.0
6536,35005296.0
6537,85746060.0
6538,49825708.0
6539,194243200.0
6540,99940056.0
6541,117337330.0
6542,54494816.0
6543,10630242.0
6544,30434618.0
6545,41670820.0
6546,371672600.0
6547,10630242.0
6548,65977524.0
6549,73764696.0
6550,31913216.0
6551,90165976.0
6552,41670820.0
6553,10630242.0
6554,33768588.0
6555,27204644.0
6556,54335972.0
6557,46214720.0
6558,97604260.0
6559,60373030.0
6560,254625340.0
6561,10630242.0
6562,91205040.0
6563,15737190.0
6564,18275076.0
6565,22771064.0
6566,40829340.0
6567,21337252.0
6568,30780536.0
6569,10630242.0
6570,76106060.0
6571,22707926.0
6572,10630242.0
6573,39160716.0
6574,34843764.0
6575,17806188.0
6576,35005296.0
6577,10630242.0
6578,83748744.0
6579,12367902.0
6580,10630242.0
6581,59930310.0
6582,10630242.0
6583,12539870.0
6584,13247472.0
6585,58591296.0
6586,46427012.0
6587,39099612.0
6588,10630242.0
6589,52556316.0
6590,142579490.0
6591,34536410.0
6592,156674800.0
6593,95857330.0
6594,68922910.0
6595,10630242.0
6596,131970650.0
6597,10630242.0
6598,22707926.0
6599,21920812.0
6600,46214720.0
6601,102071690.0
6602,496734180.0
6603,60525380.0
6604,29137916.0
6605,127857020.0
6606,10630242.0
6607,83748744.0
6608,10630242.0
6609,10738972.0
6610,15063094.0
6611,12833602.0
6612,540823200.0
6613,76904500.0
6614,329770100.0
6615,10738972.0
6616,119689464.0
6617,67704184.0
6618,37330948.0
6619,13156770.0
6620,18625458.0
6621,52482424.0
6622,129504264.0
6623,235588720.0
6624,130934020.0
6625,120712160.0
6626,30551312.0
6627,49804000.0
6628,10630242.0
6629,19543846.0
6630,12367902.0
6631,15063094.0
6632,10630242.0
6633,20009540.0
6634,30999122.0
6635,10630242.0
6636,148312930.0
6637,65029720.0
6638,13068924.0
6639,21697308.0
6640,29609066.0
6641,198607800.0
6642,166933280.0
6643,10630242.0
6644,10630242.0
6645,74084220.0
6646,48685980.0
6647,11162270.0
6648,49396244.0
6649,10630242.0
6650,24201084.0
6651,43408492.0
6652,10718090.0
6653,39317556.0
6654,128745096.0
6655,48920212.0
6656,12476630.0
6657,73571540.0
6658,10630242.0
6659,10630242.0
6660,10630242.0
6661,10630242.0
6662,34536410.0
6663,378715300.0
6664,10630242.0
6665,10630242.0
6666,13256522.0
6667,132400210.0
6668,21754552.0
6669,15400966.0
6670,10630242.0
6671,19647430.0
6672,18625458.0
6673,73571540.0
6674,283341100.0
6675,100303370.0
6676,10727560.0
6677,10630242.0
6678,10718090.0
6679,381836450.0
6680,56441250.0
6681,742049700.0
6682,28093262.0
6683,69780110.0
6684,10630242.0
6685,19157484.0
6686,27204644.0
6687,75677580.0
6688,41670820.0
6689,56210828.0
6690,177552830.0
6691,13068924.0
6692,545178560.0
6693,47718828.0
6694,64836564.0
6695,34536410.0
6696,116300180.0
6697,10630242.0
6698,41670820.0
6699,329192930.0
6700,191770000.0
6701,48172004.0
6702,45184948.0
6703,19166300.0
6704,10630242.0
6705,42522444.0
6706,40829340.0
6707,22118768.0
6708,39099612.0
6709,10630242.0
6710,112359260.0
6711,23868494.0
6712,90165976.0
6713,15063094.0
6714,10630242.0
6715,10630242.0
6716,56778996.0
6717,260517250.0
6718,27204644.0
6719,20012734.0
6720,13068924.0
6721,98096584.0
6722,11518864.0
6723,112795680.0
6724,27204644.0
6725,10630242.0
6726,71466540.0
6727,27204644.0
6728,10727560.0
6729,21071438.0
6730,38351956.0
6731,10630242.0
6732,10630242.0
6733,114357040.0
6734,10718090.0
6735,128935000.0
6736,10630242.0
6737,18275076.0
6738,10630242.0
6739,27204644.0
6740,10630242.0
6741,10630242.0
6742,82254490.0
6743,61579252.0
6744,22507992.0
6745,13068924.0
6746,67159576.0
6747,25455120.0
6748,10630242.0
6749,10727560.0
6750,10630242.0
6751,28795770.0
6752,108915336.0
6753,21071438.0
6754,64662440.0
6755,10836290.0
6756,154089890.0
6757,95136980.0
6758,17806188.0
6759,90165976.0
6760,33228600.0
6761,30520152.0
6762,10630242.0
6763,47189304.0
6764,10630242.0
6765,219587040.0
6766,10630242.0
6767,28153016.0
6768,157961280.0
6769,18923568.0
6770,19543846.0
6771,13247472.0
6772,27204644.0
6773,15063094.0
6774,248529300.0
6775,340415460.0
6776,10630242.0
6777,53240370.0
6778,64836564.0
6779,39099612.0
6780,46065972.0
6781,18625458.0
6782,101305420.0
6783,38427516.0
6784,13247472.0
6785,58575708.0
6786,10718090.0
6787,24112548.0
6788,10630242.0
6789,10630242.0
6790,27204644.0
6791,41301228.0
6792,285505820.0
6793,65829950.0
6794,23678608.0
6795,10630242.0
6796,606456200.0
6797,38122364.0
6798,40053492.0
6799,10630242.0
6800,134023970.0
6801,240357140.0
6802,27204644.0
6803,156984880.0
6804,10630242.0
6805,32874788.0
6806,17806188.0
6807,58487172.0
6808,10630242.0
6809,57217052.0
6810,24112548.0
6811,59440904.0
6812,29310678.0
6813,115340010.0
6814,12367902.0
6815,38122364.0
6816,15063094.0
6817,10630242.0
6818,10978378.0
6819,58380050.0
6820,59003640.0
6821,24200394.0
6822,28904500.0
6823,46514084.0
6824,138103020.0
6825,60327420.0
6826,41670820.0
6827,12367902.0
6828,10630242.0
6829,10630242.0
6830,27204644.0
6831,42973892.0
6832,31089004.0
6833,22707926.0
6834,12367902.0
6835,129947760.0
6836,13279436.0
6837,123538424.0
6838,12367902.0
6839,12609576.0
6840,20924268.0
6841,20012734.0
6842,23067722.0
6843,12367902.0
6844,86430690.0
6845,39187460.0
6846,47930416.0
6847,14096850.0
6848,18904420.0
6849,20813390.0
6850,95262890.0
6851,136880430.0
6852,11259588.0
6853,22507992.0
6854,35005296.0
6855,45293676.0
6856,10630242.0
6857,22788950.0
6858,18275076.0
6859,56442004.0
6860,20226182.0
6861,56681676.0
6862,40488300.0
6863,236511470.0
6864,12921448.0
6865,17459912.0
6866,115340010.0
6867,33110754.0
6868,938477600.0
6869,31913216.0
6870,10630242.0
6871,60878616.0
6872,10630242.0
6873,23092264.0
6874,38351956.0
6875,10727560.0
6876,43408492.0
6877,32132120.0
6878,10630242.0
6879,39099612.0
6880,17806188.0
6881,11518864.0
6882,124884660.0
6883,46065972.0
6884,47768532.0
6885,20244862.0
6886,10630242.0
6887,40456024.0
6888,66086252.0
6889,18275076.0
6890,22507992.0
6891,58560732.0
6892,129332910.0
6893,186053860.0
6894,36627708.0
6895,10630242.0
6896,10630242.0
6897,10630242.0
6898,28376318.0
6899,18275076.0
6900,61452400.0
6901,49825708.0
6902,10630242.0
6903,56681676.0
6904,104434880.0
6905,45525988.0
6906,190080140.0
6907,28414118.0
6908,17930178.0
6909,10630242.0
6910,20713750.0
6911,17671644.0
6912,25575004.0
6913,468356320.0
6914,274552420.0
6915,15737190.0
6916,20012734.0
6917,884671300.0
6918,96156700.0
6919,11162270.0
6920,115135224.0
6921,222577380.0
6922,17930178.0
6923,10630242.0
6924,10630242.0
6925,20713750.0
6926,17930178.0
6927,10630242.0
6928,47718828.0
6929,81878410.0
6930,184704200.0
6931,20290166.0
6932,17806188.0
6933,10630242.0
6934,115753190.0
6935,10630242.0
6936,28893088.0
6937,181306930.0
6938,10630242.0
6939,40537324.0
6940,129479920.0
6941,70140730.0
6942,21829236.0
6943,10630242.0
6944,130934020.0
6945,17271768.0
6946,75383850.0
6947,10727560.0
6948,24567226.0
6949,72228840.0
6950,377523460.0
6951,10738972.0
6952,19543846.0
6953,27658210.0
6954,30658082.0
6955,43475356.0
6956,12367902.0
6957,12833602.0
6958,10630242.0
6959,10718090.0
6960,33228600.0
6961,47708732.0
6962,148312930.0
6963,21963840.0
6964,49745012.0
6965,18625458.0
6966,67489096.0
6967,158679970.0
6968,18275076.0
6969,10630242.0
6970,29839760.0
6971,98487780.0
6972,10630242.0
6973,43408492.0
6974,45525988.0
6975,22979876.0
6976,26481786.0
6977,10630242.0
6978,15063094.0
6979,65745212.0
6980,41670820.0
6981,10630242.0
6982,85448700.0
6983,10630242.0
6984,118845270.0
6985,267191740.0
6986,31182138.0
6987,10630242.0
6988,16678252.0
6989,20478428.0
6990,332281540.0
6991,10630242.0
6992,10630242.0
6993,10630242.0
6994,10630242.0
6995,56778996.0
6996,89089944.0
6997,10630242.0
6998,13068924.0
6999,121058504.0
7000,10630242.0
7001,10630242.0
7002,10738972.0
7003,27204644.0
7004,70232984.0
7005,10630242.0
7006,10630242.0
7007,27204644.0
7008,113452240.0
7009,12833602.0
7010,28795770.0
7011,10630242.0
7012,10727560.0
7013,10630242.0
7014,10630242.0
7015,162587260.0
7016,238951260.0
7017,21105648.0
7018,12367902.0
7019,97252390.0
7020,84660264.0
7021,54428530.0
7022,23239952.0
7023,42973892.0
7024,22507992.0
7025,10727560.0
7026,286268350.0
7027,113546550.0
7028,10630242.0
7029,48920212.0
7030,48225028.0
7031,63920610.0
7032,20713750.0
7033,10630242.0
7034,28904500.0
7035,16380544.0
7036,10630242.0
7037,12367902.0
7038,28454730.0
7039,82555170.0
7040,23045800.0
7041,37330948.0
7042,74921224.0
7043,12002598.0
7044,30533432.0
7045,30192388.0
7046,81685304.0
7047,177552830.0
7048,18625458.0
7049,53864084.0
7050,10630242.0
7051,12367902.0
7052,69346820.0
7053,20184698.0
7054,43062428.0
7055,102715000.0
7056,268640860.0
7057,12367902.0
7058,10630242.0
7059,31526822.0
7060,27292490.0
7061,22595838.0
7062,44849652.0
7063,10630242.0
7064,142442200.0
7065,41301228.0
7066,10630242.0
7067,10630242.0
7068,40041852.0
7069,14096850.0
7070,133321000.0
7071,172056560.0
7072,10630242.0
7073,46598960.0
7074,16489274.0
7075,56972150.0
7076,106388210.0
7077,39187460.0
7078,80131480.0
7079,10630242.0
7080,18819218.0
7081,28795770.0
7082,11521470.0
7083,10630242.0
7084,27102932.0
7085,20121464.0
7086,10630242.0
7087,181809200.0
7088,95897450.0
7089,18275076.0
7090,17806188.0
7091,10630242.0
7092,267273950.0
7093,49825708.0
7094,44539940.0
7095,27204644.0
7096,75470344.0
7097,98900990.0
7098,48533650.0
7099,80069064.0
7100,18372394.0
7101,49962412.0
7102,10630242.0
7103,12002598.0
7104,41670820.0
7105,67311416.0
7106,31913216.0
7107,57574684.0
7108,15063094.0
7109,36095684.0
7110,10630242.0
7111,10630242.0
7112,156497520.0
7113,115763144.0
7114,26270284.0
7115,15063094.0
7116,21337252.0
7117,10630242.0
7118,22473692.0
7119,46214720.0
7120,10630242.0
7121,56681676.0
7122,10630242.0
7123,10630242.0
7124,518322270.0
7125,130197200.0
7126,302748200.0
7127,85746060.0
7128,22609124.0
7129,10718090.0
7130,15063094.0
7131,24240412.0
7132,39099612.0
7133,135208080.0
7134,59980890.0
7135,135732210.0
7136,39315880.0
7137,29433076.0
7138,12455748.0
7139,10630242.0
7140,192780140.0
7141,10630242.0
7142,41768140.0
7143,64265590.0
7144,10630242.0
7145,58560732.0
7146,11518864.0
7147,59980890.0
7148,54428530.0
7149,15063094.0
7150,10738972.0
7151,17991938.0
7152,73016240.0
7153,21720506.0
7154,39658596.0
7155,217639250.0
7156,29335758.0
7157,69539976.0
7158,10630242.0
7159,18275076.0
7160,10630242.0
7161,59524036.0
7162,365117820.0
7163,39187460.0
7164,10630242.0
7165,182979620.0
7166,25575004.0
7167,10630242.0
7168,10630242.0
7169,10727560.0
7170,46992730.0
7171,46514084.0
7172,27204644.0
7173,12539870.0
7174,17806188.0
7175,10630242.0
7176,20012734.0
7177,112988700.0
7178,65923064.0
7179,107526890.0
7180,10630242.0
7181,12367902.0
7182,90165976.0
7183,10630242.0
7184,892963650.0
7185,12367902.0
7186,36095684.0
7187,123563120.0
7188,58560732.0
7189,24200394.0
7190,12367902.0
7191,10630242.0
7192,33007692.0
7193,15400966.0
7194,265001970.0
7195,30708104.0
7196,35005296.0
7197,18275076.0
7198,27204644.0
7199,27204644.0
7200,104158120.0
7201,10630242.0
7202,23543696.0
7203,10630242.0
7204,58560732.0
7205,258695090.0
7206,73764696.0
7207,416848130.0
7208,39521572.0
7209,21451924.0
7210,10630242.0
7211,10630242.0
7212,46214720.0
7213,26270284.0
7214,193137220.0
7215,111936280.0
7216,140389870.0
7217,10630242.0
7218,33228600.0
7219,39208340.0
7220,67704184.0
7221,24659024.0
7222,117037950.0
7223,10630242.0
7224,18625458.0
7225,10630242.0
7226,57738308.0
7227,94204360.0
7228,49409620.0
7229,37330948.0
7230,10630242.0
7231,26270284.0
7232,250309940.0
7233,191191650.0
7234,210885860.0
7235,42522444.0
7236,96437000.0
7237,22707926.0
7238,10630242.0
7239,707160400.0
7240,82305380.0
7241,115841730.0
7242,54428530.0
7243,20012734.0
7244,34558510.0
7245,10630242.0
7246,10630242.0
7247,59440904.0
7248,82285970.0
7249,10630242.0
7250,10630242.0
7251,42433908.0
7252,15509698.0
7253,24200394.0
7254,49074412.0
7255,10630242.0
7256,27204644.0
7257,33110754.0
7258,60470296.0
7259,18275076.0
7260,10630242.0
7261,482140770.0
7262,10630242.0
7263,64836564.0
7264,12367902.0
7265,27204644.0
7266,40198580.0
7267,10630242.0
7268,15063094.0
7269,91050640.0
7270,215209940.0
7271,10630242.0
7272,29137916.0
7273,12367902.0
7274,23748484.0
7275,26270284.0
7276,10630242.0
7277,130124340.0
7278,344424260.0
7279,123066536.0
7280,113792450.0
7281,36095684.0
7282,111091740.0
7283,154277150.0
7284,10630242.0
7285,73571540.0
7286,129479920.0
7287,21117406.0
7288,15400966.0
7289,112840870.0
7290,32001752.0
7291,28093262.0
7292,13068924.0
7293,27292490.0
7294,17903506.0
7295,61579252.0
7296,10630242.0
7297,40456024.0
7298,18275076.0
7299,10630242.0
7300,24201084.0
7301,36956390.0
7302,10630242.0
7303,10630242.0
7304,13256522.0
7305,10630242.0
7306,376781300.0
7307,10630242.0
7308,10630242.0
7309,27292490.0
7310,27204644.0
7311,23501382.0
7312,131493050.0
7313,196636320.0
7314,19365784.0
7315,18275076.0
7316,24112548.0
7317,24637102.0
7318,120842590.0
7319,22507992.0
7320,234656060.0
7321,10630242.0
7322,22979876.0
7323,39029540.0
7324,27626632.0
7325,224284540.0
7326,233144820.0
7327,15063094.0
7328,70045550.0
7329,128728450.0
7330,241747200.0
7331,93033624.0
7332,48209700.0
7333,110173340.0
7334,39099612.0
7335,59581816.0
7336,114868380.0
7337,10727560.0
7338,73547200.0
7339,87239670.0
7340,13068924.0
7341,10630242.0
7342,128373736.0
7343,10924136.0
7344,10630242.0
7345,10630242.0
7346,18275076.0
7347,19898586.0
7348,27204644.0
7349,111976410.0
7350,28153016.0
7351,42973892.0
7352,10630242.0
7353,10630242.0
7354,10630242.0
7355,49130428.0
7356,52556316.0
7357,13957544.0
7358,11518864.0
7359,97604310.0
7360,31073408.0
7361,10630242.0
7362,163055710.0
7363,746215800.0
7364,10630242.0
7365,52693340.0
7366,60470296.0
7367,10630242.0
7368,27204644.0
7369,53864084.0
7370,95857330.0
7371,10630242.0
7372,103590616.0
7373,382016600.0
7374,24112548.0
7375,69637380.0
7376,10630242.0
7377,24567226.0
7378,143892690.0
7379,94627656.0
7380,27204644.0
7381,10727560.0
7382,14096850.0
7383,10630242.0
7384,48920212.0
7385,48872650.0
7386,24659024.0
7387,10630242.0
7388,21337252.0
7389,10630242.0
7390,10630242.0
7391,12367902.0
7392,29137916.0
7393,675014850.0
7394,98900990.0
7395,31073408.0
7396,44628476.0
7397,101143590.0
7398,27204644.0
